chr1	48643056	48643057	rs74660634	chr1	48642731	48643155	CTCF	A549
chr1	63529092	63529093	rs17124480	chr1	63528993	63529462	CTCF	A549
chr10	6131041	6131042	rs140764661	chr10	6130534	6131074	EP300	A549
chr10	6131041	6131042	rs140764661	chr10	6130540	6131049	CTCF	A549
chr10	6131041	6131042	rs140764661	chr10	6130581	6131117	YY1	A549
chr10	6131041	6131042	rs140764661	chr10	6130585	6131069	ZBTB33	A549
chr10	6131041	6131042	rs140764661	chr10	6130646	6131390	POLR2A	A549
chr10	6131041	6131042	rs140764661	chr10	6130658	6131142	ATF3	A549
chr10	6131311	6131312	rs76943221	chr10	6130646	6131390	POLR2A	A549
chr10	99258222	99258223	rs3750558	chr10	99257371	99259028	POLR2A	A549
chr10	99258222	99258223	rs3750558	chr10	99257844	99258348	REST	A549
chr10	99258222	99258223	rs3750558	chr10	99257919	99258310	YY1	A549
chr10	99258222	99258223	rs3750558	chr10	99258031	99258678	MAX	A549
chr10	99258222	99258223	rs3750558	chr10	99258084	99258414	BHLHE40	A549
chr10	99258222	99258223	rs3750558	chr10	99258125	99258630	USF1	A549
chr13	37424982	37424983	rs535884	chr13	37424890	37425357	CTCF	A549
chr13	37425149	37425150	rs624770	chr13	37424890	37425357	CTCF	A549
chr13	37432357	37432358	rs36028156	chr13	37432311	37432751	CTCF	A549
chr13	49549910	49549911	rs114162077	chr13	49549146	49549942	CTCF	A549
chr13	49549910	49549911	rs114162077	chr13	49549200	49551261	POLR2A	A549
chr13	49549910	49549911	rs114162077	chr13	49549824	49550360	YY1	A549
chr13	111686284	111686285	rs34061305	chr13	111686020	111686444	CTCF	A549
chr14	55999681	55999682	rs4901582	chr14	55999558	56000007	CTCF	A549
chr14	55999718	55999719	rs2181742	chr14	55999558	56000007	CTCF	A549
chr14	55999724	55999725	rs2181743	chr14	55999558	56000007	CTCF	A549
chr14	56009926	56009927	rs33994542	chr14	56009765	56010035	FOXA1	A549
chr14	56009926	56009927	rs33994542	chr14	56009776	56010076	NR3C1	A549
chr15	26860127	26860128	rs113348784	chr15	26859896	26860152	CEBPB	A549
chr15	26860127	26860128	rs113348784	chr15	26859996	26860189	FOSL2	A549
chr15	26860549	26860550	rs45487993	chr15	26860443	26860983	GABPA	A549
chr15	26860549	26860550	rs45487993	chr15	26860452	26861171	REST	A549
chr15	26860549	26860550	rs45487993	chr15	26860466	26861042	BCL3	A549
chr15	26860549	26860550	rs45487993	chr15	26860485	26861010	EP300	A549
chr15	26860549	26860550	rs45487993	chr15	26860520	26860935	TCF12	A549
chr15	26860549	26860550	rs45487993	chr15	26860532	26861016	ATF3	A549
chr15	26873138	26873139	rs12439982	chr15	26873099	26873619	ETS1	A549
chr15	26873138	26873139	rs12439982	chr15	26873129	26873669	GABPA	A549
chr15	26874524	26874525	rs74004622	chr15	26873954	26874869	POLR2A	A549
chr15	26874524	26874525	rs74004622	chr15	26873969	26874545	TCF12	A549
chr15	26874524	26874525	rs74004622	chr15	26874010	26874678	ELF1	A549
chr15	26874524	26874525	rs74004622	chr15	26874313	26874737	CTCF	A549
chr15	26874524	26874525	rs74004622	chr15	26874440	26874788	NR3C1	A549
chr15	26874524	26874525	rs74004622	chr15	26874452	26874708	CEBPB	A549
chr15	26874524	26874525	rs74004622	chr15	26874467	26874747	CREB1	A549
chr15	26874524	26874525	rs74004622	chr15	26874513	26874710	EP300	A549
chr17	15182358	15182359	rs1870430	chr17	15182136	15182919	BCL3	A549
chr17	15182358	15182359	rs1870430	chr17	15182138	15182995	SIN3AK20	A549
chr17	15182358	15182359	rs1870430	chr17	15182220	15182724	REST	A549
chr17	15182358	15182359	rs1870430	chr17	15182252	15182736	ATF3	A549
chr17	15182358	15182359	rs1870430	chr17	15182306	15182570	CEBPB	A549
chr17	15182358	15182359	rs1870430	chr17	15182324	15182813	FOSL2	A549
chr17	15182358	15182359	rs1870430	chr17	15182325	15182589	BHLHE40	A549
chr17	15182358	15182359	rs1870430	chr17	15182335	15182875	GABPA	A549
chr17	15182379	15182380	rs1870429	chr17	15182136	15182919	BCL3	A549
chr17	15182379	15182380	rs1870429	chr17	15182138	15182995	SIN3AK20	A549
chr17	15182379	15182380	rs1870429	chr17	15182220	15182724	REST	A549
chr17	15182379	15182380	rs1870429	chr17	15182252	15182736	ATF3	A549
chr17	15182379	15182380	rs1870429	chr17	15182306	15182570	CEBPB	A549
chr17	15182379	15182380	rs1870429	chr17	15182324	15182813	FOSL2	A549
chr17	15182379	15182380	rs1870429	chr17	15182325	15182589	BHLHE40	A549
chr17	15182379	15182380	rs1870429	chr17	15182335	15182875	GABPA	A549
chr17	15186960	15186961	rs1121593	chr17	15186866	15187185	NR3C1	A549
chr17	15186960	15186961	rs1121593	chr17	15186890	15187160	FOXA1	A549
chr17	15193055	15193056	rs1380181	chr17	15192948	15193432	ZBTB33	A549
chr17	15193055	15193056	rs1380181	chr17	15192952	15193528	BCL3	A549
chr17	15193055	15193056	rs1380181	chr17	15192957	15193433	SIX5	A549
chr17	15193055	15193056	rs1380181	chr17	15192974	15193514	GABPA	A549
chr17	15193055	15193056	rs1380181	chr17	15193021	15193366	TCF12	A549
chr17	15193055	15193056	rs1380181	chr17	15193028	15193403	EP300	A549
chr17	54864523	54864524	rs117131729	chr17	54864303	54864713	FOSL2	A549
chr17	54864523	54864524	rs117131729	chr17	54864360	54864640	CREB1	A549
chr17	54864523	54864524	rs117131729	chr17	54864363	54864663	NR3C1	A549
chr17	54864523	54864524	rs117131729	chr17	54864397	54864699	CEBPB	A549
chr17	55687420	55687421	rs28562163	chr17	55687323	55687580	CEBPB	A549
chr17	55712436	55712437	rs117716553	chr17	55712202	55712470	USF1	A549
chr17	59471081	59471082	rs917533	chr17	59470952	59471578	CTCF	A549
chr17	71000029	71000030	rs147791291	chr17	70999606	71000030	CTCF	A549
chr18	20817044	20817045	rs45560835	chr18	20817044	20817302	CTCF	A549
chr18	20817062	20817063	rs45541339	chr18	20817044	20817302	CTCF	A549
chr18	21018019	21018020	rs77056984	chr18	21017433	21018183	POLR2A	A549
chr18	21018019	21018020	rs77056984	chr18	21017519	21018126	MAX	A549
chr18	21018019	21018020	rs77056984	chr18	21017744	21018128	USF1	A549
chr18	21018019	21018020	rs77056984	chr18	21017785	21018065	CREB1	A549
chr18	21023133	21023134	rs79854836	chr18	21022929	21023209	CEBPB	A549
chr18	21023135	21023136	rs74352040	chr18	21022929	21023209	CEBPB	A549
chr18	21064897	21064898	rs45610141	chr18	21064824	21065324	POLR2A	A549
chr18	57663582	57663583	rs11876488	chr18	57663567	57663991	CTCF	A549
chr18	57663814	57663815	rs11872821	chr18	57663567	57663991	CTCF	A549
chr18	57663814	57663815	rs11872821	chr18	57663670	57663934	RAD21	A549
chr2	29166752	29166753	rs4479391	chr2	29166475	29166975	POLR2A	A549
chr2	29171963	29171964	rs6754680	chr2	29171787	29172614	POLR2A	A549
chr2	29175206	29175207	rs10166581	chr2	29174768	29175209	NR3C1	A549
chr2	29175206	29175207	rs10166581	chr2	29174774	29175314	EP300	A549
chr2	29175206	29175207	rs10166581	chr2	29174812	29175388	TCF12	A549
chr2	29175206	29175207	rs10166581	chr2	29175070	29175283	POLR2A	A549
chr2	40102763	40102764	rs7562741	chr2	40102234	40102774	EP300	A549
chr2	101179797	101179798	rs58420974	chr2	101178857	101180098	POLR2A	A549
chr2	101179797	101179798	rs58420974	chr2	101179148	101179859	MAX	A549
chr2	101179797	101179798	rs58420974	chr2	101179568	101180052	ZBTB33	A549
chr2	105036998	105036999	rs13382209	chr2	105036973	105037248	CEBPB	A549
chr2	113484440	113484441	rs2138606	chr2	113484297	113484677	CEBPB	A549
chr2	113484440	113484441	rs2138606	chr2	113484308	113484708	CTCF	A549
chr2	113484440	113484441	rs2138606	chr2	113484339	113484593	RAD21	A549
chr2	113484440	113484441	rs2138606	chr2	113484356	113484636	CREB1	A549
chr2	113521753	113521754	rs7594852	chr2	113521580	113522780	POLR2A	A549
chr2	113521753	113521754	rs7594852	chr2	113521656	113522501	SIN3AK20	A549
chr2	134277479	134277480	rs6430425	chr2	134277216	134277673	CTCF	A549
chr20	3732632	3732633	rs541760	chr20	3732380	3732690	NR3C1	A549
chr3	187988288	187988289	rs6789758	chr3	187988092	187988632	EP300	A549
chr3	187988288	187988289	rs6789758	chr3	187988153	187988563	FOSL2	A549
chr6	138824590	138824591	rs9376348	chr6	138824479	138824749	FOXA1	A549
chr9	32550911	32550912	rs112527210	chr9	32550525	32551946	POLR2A	A549
chr9	32550911	32550912	rs112527210	chr9	32550630	32551097	CTCF	A549
chr9	32550911	32550912	rs112527210	chr9	32550815	32551095	CREB1	A549
chr9	32550911	32550912	rs112527210	chr9	32550838	32551038	ZBTB33	A549
chr9	84470875	84470876	rs11788387	chr9	84470441	84470981	EP300	A549
chr9	84470875	84470876	rs11788387	chr9	84470604	84470934	FOXA1	A549
chr9	84470875	84470876	rs11788387	chr9	84470634	84470897	CEBPB	A549
chr9	113188571	113188572	rs1410050	chr9	113188347	113188792	CTCF	A549
