chr10	6131041	6131042	rs140764661	chr10	6130540	6131049	CTCF	ECC-1
chr10	6131041	6131042	rs140764661	chr10	6130646	6131390	POLR2A	ECC-1
chr10	6131311	6131312	rs76943221	chr10	6130646	6131390	POLR2A	ECC-1
chr10	99258222	99258223	rs3750558	chr10	99257371	99259028	POLR2A	ECC-1
chr10	99281792	99281793	rs7089060	chr10	99281763	99282067	ESR1	ECC-1
chr10	99281871	99281872	rs4917774	chr10	99281763	99282067	ESR1	ECC-1
chr13	37432357	37432358	rs36028156	chr13	37432311	37432751	CTCF	ECC-1
chr13	37436266	37436267	rs628495	chr13	37436264	37436579	ESR1	ECC-1
chr13	49549910	49549911	rs114162077	chr13	49549200	49551261	POLR2A	ECC-1
chr18	20837861	20837862	rs45579232	chr18	20837778	20838118	ESR1	ECC-1
chr18	21018019	21018020	rs77056984	chr18	21017433	21018183	POLR2A	ECC-1
chr18	57663582	57663583	rs11876488	chr18	57663567	57663991	CTCF	ECC-1
chr18	57663814	57663815	rs11872821	chr18	57663567	57663991	CTCF	ECC-1
chr2	101179797	101179798	rs58420974	chr2	101178857	101180098	POLR2A	ECC-1
chr2	113484440	113484441	rs2138606	chr2	113484308	113484708	CTCF	ECC-1
chr2	113521753	113521754	rs7594852	chr2	113521580	113522780	POLR2A	ECC-1
chr2	134250804	134250805	rs11695605	chr2	134250579	134250859	ESR1	ECC-1
chr9	11064848	11064849	rs143057876	chr9	11064688	11065378	POLR2A	ECC-1
chr9	32550911	32550912	rs112527210	chr9	32550525	32551946	POLR2A	ECC-1
