chr1	63529092	63529093	rs17124480	chr1	63528927	63529303	TBP	H1-hESC
chr1	63529092	63529093	rs17124480	chr1	63528993	63529462	CTCF	H1-hESC
chr1	63529092	63529093	rs17124480	chr1	63529088	63529338	TEAD4	H1-hESC
chr10	6131041	6131042	rs140764661	chr10	6130508	6131090	ATF2	H1-hESC
chr10	6131041	6131042	rs140764661	chr10	6130534	6131074	EP300	H1-hESC
chr10	6131041	6131042	rs140764661	chr10	6130537	6131137	CTBP2	H1-hESC
chr10	6131041	6131042	rs140764661	chr10	6130540	6131049	CTCF	H1-hESC
chr10	6131041	6131042	rs140764661	chr10	6130580	6131100	SIN3A	H1-hESC
chr10	6131041	6131042	rs140764661	chr10	6130581	6131117	YY1	H1-hESC
chr10	6131041	6131042	rs140764661	chr10	6130612	6131122	TBP	H1-hESC
chr10	6131041	6131042	rs140764661	chr10	6130617	6131090	MYC	H1-hESC
chr10	6131041	6131042	rs140764661	chr10	6130635	6131051	SP1	H1-hESC
chr10	6131041	6131042	rs140764661	chr10	6130646	6131390	POLR2A	H1-hESC
chr10	6131041	6131042	rs140764661	chr10	6130658	6131142	ATF3	H1-hESC
chr10	6131041	6131042	rs140764661	chr10	6130749	6131429	RBBP5	H1-hESC
chr10	6131041	6131042	rs140764661	chr10	6130801	6131085	NRF1	H1-hESC
chr10	6131041	6131042	rs140764661	chr10	6130831	6131294	TAF1	H1-hESC
chr10	6131311	6131312	rs76943221	chr10	6130646	6131390	POLR2A	H1-hESC
chr10	6131311	6131312	rs76943221	chr10	6130749	6131429	RBBP5	H1-hESC
chr10	6131697	6131698	rs11256662	chr10	6131680	6131930	TEAD4	H1-hESC
chr10	24658806	24658807	rs58400505	chr10	24658587	24658843	NANOG	H1-hESC
chr10	24658809	24658810	rs13377176	chr10	24658587	24658843	NANOG	H1-hESC
chr10	99258222	99258223	rs3750558	chr10	99257369	99258317	RBBP5	H1-hESC
chr10	99258222	99258223	rs3750558	chr10	99257371	99259028	POLR2A	H1-hESC
chr10	99258222	99258223	rs3750558	chr10	99257919	99258310	YY1	H1-hESC
chr10	99258222	99258223	rs3750558	chr10	99257930	99258286	TAF7	H1-hESC
chr10	99258222	99258223	rs3750558	chr10	99257936	99258310	TAF1	H1-hESC
chr10	99258222	99258223	rs3750558	chr10	99258008	99258852	SP4	H1-hESC
chr10	99258222	99258223	rs3750558	chr10	99258053	99258356	NRF1	H1-hESC
chr10	99258222	99258223	rs3750558	chr10	99258105	99258635	USF2	H1-hESC
chr10	99258222	99258223	rs3750558	chr10	99258116	99258361	ATF3	H1-hESC
chr10	99258222	99258223	rs3750558	chr10	99258125	99258630	USF1	H1-hESC
chr10	99258222	99258223	rs3750558	chr10	99258127	99258696	SP1	H1-hESC
chr13	37424982	37424983	rs535884	chr13	37424890	37425357	CTCF	H1-hESC
chr13	37425149	37425150	rs624770	chr13	37424890	37425357	CTCF	H1-hESC
chr13	37425149	37425150	rs624770	chr13	37424989	37425279	ZNF143	H1-hESC
chr13	37425149	37425150	rs624770	chr13	37425017	37425273	RAD21	H1-hESC
chr13	37432357	37432358	rs36028156	chr13	37432311	37432751	CTCF	H1-hESC
chr13	37432357	37432358	rs36028156	chr13	37432327	37432617	ZNF143	H1-hESC
chr13	37436266	37436267	rs628495	chr13	37436253	37436503	TEAD4	H1-hESC
chr13	49549910	49549911	rs114162077	chr13	49549146	49549942	CTCF	H1-hESC
chr13	49549910	49549911	rs114162077	chr13	49549200	49551261	POLR2A	H1-hESC
chr13	49549910	49549911	rs114162077	chr13	49549731	49550913	RBBP5	H1-hESC
chr13	49549910	49549911	rs114162077	chr13	49549798	49551030	TAF1	H1-hESC
chr13	49549910	49549911	rs114162077	chr13	49549824	49550360	YY1	H1-hESC
chr13	49549910	49549911	rs114162077	chr13	49549886	49551088	TBP	H1-hESC
chr13	49549910	49549911	rs114162077	chr13	49549891	49550152	NRF1	H1-hESC
chr13	111715522	111715523	rs9559965	chr13	111715377	111715617	USF1	H1-hESC
chr14	28482161	28482162	rs7155073	chr14	28481880	28482304	CTCF	H1-hESC
chr14	28482161	28482162	rs7155073	chr14	28481923	28482169	RAD21	H1-hESC
chr14	55999681	55999682	rs4901582	chr14	55999558	56000007	CTCF	H1-hESC
chr14	55999681	55999682	rs4901582	chr14	55999660	55999900	RAD21	H1-hESC
chr14	55999718	55999719	rs2181742	chr14	55999558	56000007	CTCF	H1-hESC
chr14	55999718	55999719	rs2181742	chr14	55999660	55999900	RAD21	H1-hESC
chr14	55999724	55999725	rs2181743	chr14	55999558	56000007	CTCF	H1-hESC
chr14	55999724	55999725	rs2181743	chr14	55999660	55999900	RAD21	H1-hESC
chr15	26855194	26855195	rs10468158	chr15	26855026	26855436	POLR2A	H1-hESC
chr15	26879733	26879734	rs8029251	chr15	26879512	26879842	MAX	H1-hESC
chr17	55712436	55712437	rs117716553	chr17	55712202	55712470	USF1	H1-hESC
chr17	59471081	59471082	rs917533	chr17	59470952	59471578	CTCF	H1-hESC
chr17	59471081	59471082	rs917533	chr17	59471010	59471250	USF1	H1-hESC
chr17	59471081	59471082	rs917533	chr17	59471045	59471311	RAD21	H1-hESC
chr17	59473364	59473365	rs60261365	chr17	59472670	59479722	EZH2	H1-hESC
chr17	59473364	59473365	rs60261365	chr17	59473224	59473534	SUZ12	H1-hESC
chr17	59480330	59480331	rs59172073	chr17	59480158	59483929	EZH2	H1-hESC
chr17	59480330	59480331	rs59172073	chr17	59480282	59481489	SUZ12	H1-hESC
chr17	71000029	71000030	rs147791291	chr17	70999606	71000030	CTCF	H1-hESC
chr17	71013499	71013500	rs7218007	chr17	71013310	71013644	CTCF	H1-hESC
chr17	71013499	71013500	rs7218007	chr17	71013364	71013633	RAD21	H1-hESC
chr18	20839628	20839629	rs45447497	chr18	20839225	20839805	ATF2	H1-hESC
chr18	20839628	20839629	rs45447497	chr18	20839521	20840679	POLR2A	H1-hESC
chr18	20839928	20839929	rs181550434	chr18	20839521	20840679	POLR2A	H1-hESC
chr18	20839928	20839929	rs181550434	chr18	20839739	20839979	RAD21	H1-hESC
chr18	20839928	20839929	rs181550434	chr18	20839860	20840104	JUND	H1-hESC
chr18	20883407	20883408	rs79055723	chr18	20883275	20883578	MAFK	H1-hESC
chr18	20939077	20939078	rs140366331	chr18	20938807	20939211	CTCF	H1-hESC
chr18	20939077	20939078	rs140366331	chr18	20938817	20939123	RAD21	H1-hESC
chr18	21018019	21018020	rs77056984	chr18	21017411	21018109	TAF1	H1-hESC
chr18	21018019	21018020	rs77056984	chr18	21017433	21018183	POLR2A	H1-hESC
chr18	21018019	21018020	rs77056984	chr18	21017519	21018126	MAX	H1-hESC
chr18	21018019	21018020	rs77056984	chr18	21017620	21018051	EGR1	H1-hESC
chr18	21018019	21018020	rs77056984	chr18	21017744	21018128	USF1	H1-hESC
chr18	21018019	21018020	rs77056984	chr18	21017786	21018080	USF2	H1-hESC
chr18	21018019	21018020	rs77056984	chr18	21017786	21018127	SP1	H1-hESC
chr18	21018019	21018020	rs77056984	chr18	21017802	21018063	ATF3	H1-hESC
chr18	57663582	57663583	rs11876488	chr18	57663567	57663991	CTCF	H1-hESC
chr18	57663814	57663815	rs11872821	chr18	57663567	57663991	CTCF	H1-hESC
chr18	57663814	57663815	rs11872821	chr18	57663670	57663934	RAD21	H1-hESC
chr19	29553854	29553855	rs73019160	chr19	29553652	29553982	MAX	H1-hESC
chr19	29553854	29553855	rs73019160	chr19	29553730	29553970	USF1	H1-hESC
chr2	29171963	29171964	rs6754680	chr2	29171787	29172614	POLR2A	H1-hESC
chr2	101179797	101179798	rs58420974	chr2	101178857	101180098	POLR2A	H1-hESC
chr2	101179797	101179798	rs58420974	chr2	101179148	101179859	MAX	H1-hESC
chr2	101179797	101179798	rs58420974	chr2	101179152	101179898	MYC	H1-hESC
chr2	101179797	101179798	rs58420974	chr2	101179541	101179845	NRF1	H1-hESC
chr2	101179797	101179798	rs58420974	chr2	101179591	101180000	CHD2	H1-hESC
chr2	101179797	101179798	rs58420974	chr2	101179597	101180121	TBP	H1-hESC
chr2	101179797	101179798	rs58420974	chr2	101179603	101179927	BACH1	H1-hESC
chr2	101179797	101179798	rs58420974	chr2	101179653	101180017	GTF2F1	H1-hESC
chr2	113484440	113484441	rs2138606	chr2	113484200	113484720	SIN3A	H1-hESC
chr2	113484440	113484441	rs2138606	chr2	113484226	113484682	JUND	H1-hESC
chr2	113484440	113484441	rs2138606	chr2	113484228	113484605	TBP	H1-hESC
chr2	113484440	113484441	rs2138606	chr2	113484265	113484705	TEAD4	H1-hESC
chr2	113484440	113484441	rs2138606	chr2	113484280	113484669	YY1	H1-hESC
chr2	113484440	113484441	rs2138606	chr2	113484297	113484677	CEBPB	H1-hESC
chr2	113484440	113484441	rs2138606	chr2	113484308	113484708	CTCF	H1-hESC
chr2	113484440	113484441	rs2138606	chr2	113484329	113484630	ZNF143	H1-hESC
chr2	113484440	113484441	rs2138606	chr2	113484339	113484593	RAD21	H1-hESC
chr2	113521753	113521754	rs7594852	chr2	113521656	113522501	SIN3AK20	H1-hESC
chr2	134277479	134277480	rs6430425	chr2	134277216	134277673	CTCF	H1-hESC
chr2	134277479	134277480	rs6430425	chr2	134277318	134277574	RAD21	H1-hESC
chr2	134277479	134277480	rs6430425	chr2	134277342	134277592	TEAD4	H1-hESC
chr20	2125552	2125553	rs3748512	chr20	2125544	2125926	CTCF	H1-hESC
chr20	2130370	2130371	rs6113005	chr20	2130174	2130494	JUND	H1-hESC
chr20	3732632	3732633	rs541760	chr20	3732540	3732790	NRF1	H1-hESC
chr20	3733486	3733487	rs3088007	chr20	3733161	3734235	POLR2A	H1-hESC
chr3	53293156	53293157	rs6781629	chr3	53293002	53293283	CTCF	H1-hESC
chr3	53293156	53293157	rs6781629	chr3	53293007	53293223	POU5F1	H1-hESC
chr3	53293156	53293157	rs6781629	chr3	53293020	53293260	RAD21	H1-hESC
chr3	187985781	187985782	rs1317919	chr3	187985629	187985879	TEAD4	H1-hESC
chr3	187985781	187985782	rs1317919	chr3	187985658	187985978	MAFK	H1-hESC
chr3	187988288	187988289	rs6789758	chr3	187988148	187988588	TEAD4	H1-hESC
chr3	187988288	187988289	rs6789758	chr3	187988250	187988474	SRF	H1-hESC
chr6	113002472	113002473	rs9372340	chr6	113002400	113002663	USF1	H1-hESC
chr6	113002662	113002663	rs62416965	chr6	113002400	113002663	USF1	H1-hESC
chr6	119935495	119935496	rs9374809	chr6	119935363	119935613	TEAD4	H1-hESC
chr7	40458303	40458304	rs4364550	chr7	40458113	40458353	USF1	H1-hESC
chr9	32550911	32550912	rs112527210	chr9	32550489	32551213	RBBP5	H1-hESC
chr9	32550911	32550912	rs112527210	chr9	32550525	32551946	POLR2A	H1-hESC
chr9	32550911	32550912	rs112527210	chr9	32550616	32551178	YY1	H1-hESC
chr9	32550911	32550912	rs112527210	chr9	32550630	32551097	CTCF	H1-hESC
chr9	32550911	32550912	rs112527210	chr9	32550631	32551373	SIN3AK20	H1-hESC
chr9	32550911	32550912	rs112527210	chr9	32550671	32551047	TBP	H1-hESC
chr9	32550911	32550912	rs112527210	chr9	32550678	32551321	TAF1	H1-hESC
chr9	32550911	32550912	rs112527210	chr9	32550761	32551281	SIN3A	H1-hESC
chr9	32550911	32550912	rs112527210	chr9	32550777	32551077	CHD2	H1-hESC
chr9	32550911	32550912	rs112527210	chr9	32550793	32551109	BRCA1	H1-hESC
chr9	32550911	32550912	rs112527210	chr9	32550821	32551145	BACH1	H1-hESC
chr9	32550911	32550912	rs112527210	chr9	32550891	32551181	ZNF143	H1-hESC
chr9	32550911	32550912	rs112527210	chr9	32550900	32551212	NRF1	H1-hESC
chr9	113191760	113191761	rs148059692	chr9	113191726	113192167	CTCF	H1-hESC
