chr1	48643056	48643057	rs74660634	chr1	48642731	48643155	CTCF	HCT-116
chr1	63529092	63529093	rs17124480	chr1	63528993	63529462	CTCF	HCT-116
chr10	6131041	6131042	rs140764661	chr10	6130540	6131049	CTCF	HCT-116
chr10	6131041	6131042	rs140764661	chr10	6130581	6131117	YY1	HCT-116
chr10	6131041	6131042	rs140764661	chr10	6130646	6131390	POLR2A	HCT-116
chr10	6131041	6131042	rs140764661	chr10	6130696	6131072	TCF7L2	HCT-116
chr10	6131311	6131312	rs76943221	chr10	6130646	6131390	POLR2A	HCT-116
chr10	99258222	99258223	rs3750558	chr10	99257371	99259028	POLR2A	HCT-116
chr10	99258222	99258223	rs3750558	chr10	99257919	99258310	YY1	HCT-116
chr13	37424982	37424983	rs535884	chr13	37424890	37425357	CTCF	HCT-116
chr13	37425149	37425150	rs624770	chr13	37424890	37425357	CTCF	HCT-116
chr13	37432357	37432358	rs36028156	chr13	37432311	37432751	CTCF	HCT-116
chr13	49549910	49549911	rs114162077	chr13	49549200	49551261	POLR2A	HCT-116
chr13	49549910	49549911	rs114162077	chr13	49549824	49550360	YY1	HCT-116
chr14	55999681	55999682	rs4901582	chr14	55999558	56000007	CTCF	HCT-116
chr14	55999718	55999719	rs2181742	chr14	55999558	56000007	CTCF	HCT-116
chr14	55999724	55999725	rs2181743	chr14	55999558	56000007	CTCF	HCT-116
chr17	54864523	54864524	rs117131729	chr17	54864256	54864956	POLR2A	HCT-116
chr17	54864523	54864524	rs117131729	chr17	54864299	54864806	TCF7L2	HCT-116
chr17	54864523	54864524	rs117131729	chr17	54864352	54864622	YY1	HCT-116
chr17	54864523	54864524	rs117131729	chr17	54864387	54864667	ZBTB33	HCT-116
chr17	59471081	59471082	rs917533	chr17	59470952	59471578	CTCF	HCT-116
chr17	70981260	70981261	rs7210436	chr17	70980674	70981497	POLR2A	HCT-116
chr17	71013499	71013500	rs7218007	chr17	71013310	71013644	CTCF	HCT-116
chr18	21018019	21018020	rs77056984	chr18	21017433	21018183	POLR2A	HCT-116
chr18	57663582	57663583	rs11876488	chr18	57663567	57663991	CTCF	HCT-116
chr18	57663814	57663815	rs11872821	chr18	57663567	57663991	CTCF	HCT-116
chr2	101179797	101179798	rs58420974	chr2	101178857	101180098	POLR2A	HCT-116
chr2	101179797	101179798	rs58420974	chr2	101179568	101180052	ZBTB33	HCT-116
chr2	113484440	113484441	rs2138606	chr2	113484292	113484668	TCF7L2	HCT-116
chr2	113484440	113484441	rs2138606	chr2	113484308	113484708	CTCF	HCT-116
chr2	113521753	113521754	rs7594852	chr2	113521580	113522780	POLR2A	HCT-116
chr2	134277479	134277480	rs6430425	chr2	134277216	134277673	CTCF	HCT-116
chr6	167354367	167354368	rs3798303	chr6	167354128	167354592	POLR2A	HCT-116
chr9	32550911	32550912	rs112527210	chr9	32550718	32551314	TCF7L2	HCT-116
chr9	113188571	113188572	rs1410050	chr9	113188347	113188792	CTCF	HCT-116
chr9	113191760	113191761	rs148059692	chr9	113191726	113192167	CTCF	HCT-116
