chr1	48593736	48593737	rs41287882	chr1	48593667	48593951	MAFF	HepG2
chr1	48593736	48593737	rs41287882	chr1	48593668	48593948	MAFK	HepG2
chr1	48593767	48593768	rs41287884	chr1	48593667	48593951	MAFF	HepG2
chr1	48593767	48593768	rs41287884	chr1	48593668	48593948	MAFK	HepG2
chr1	48605073	48605074	rs75721874	chr1	48604993	48605271	MAFK	HepG2
chr1	48605073	48605074	rs75721874	chr1	48605001	48605277	MAFF	HepG2
chr1	48643056	48643057	rs74660634	chr1	48642731	48643155	CTCF	HepG2
chr1	48914952	48914953	rs80239592	chr1	48914678	48914954	MAFF	HepG2
chr1	63529092	63529093	rs17124480	chr1	63528993	63529462	CTCF	HepG2
chr10	6131041	6131042	rs140764661	chr10	6130518	6131134	MYBL2	HepG2
chr10	6131041	6131042	rs140764661	chr10	6130540	6131049	CTCF	HepG2
chr10	6131041	6131042	rs140764661	chr10	6130581	6131117	YY1	HepG2
chr10	6131041	6131042	rs140764661	chr10	6130613	6131077	MAZ	HepG2
chr10	6131041	6131042	rs140764661	chr10	6130629	6131088	MXI1	HepG2
chr10	6131041	6131042	rs140764661	chr10	6130644	6131043	RFX5	HepG2
chr10	6131041	6131042	rs140764661	chr10	6130646	6131390	POLR2A	HepG2
chr10	6131041	6131042	rs140764661	chr10	6130658	6131142	ATF3	HepG2
chr10	6131041	6131042	rs140764661	chr10	6130667	6131042	BHLHE40	HepG2
chr10	6131041	6131042	rs140764661	chr10	6130676	6131158	MAX	HepG2
chr10	6131041	6131042	rs140764661	chr10	6130801	6131085	NRF1	HepG2
chr10	6131041	6131042	rs140764661	chr10	6130831	6131294	TAF1	HepG2
chr10	6131041	6131042	rs140764661	chr10	6130855	6131199	NR2C2	HepG2
chr10	6131311	6131312	rs76943221	chr10	6130646	6131390	POLR2A	HepG2
chr10	6131311	6131312	rs76943221	chr10	6131196	6131882	SIN3AK20	HepG2
chr10	6131697	6131698	rs11256662	chr10	6131196	6131882	SIN3AK20	HepG2
chr10	6131697	6131698	rs11256662	chr10	6131384	6131784	MXI1	HepG2
chr10	6131697	6131698	rs11256662	chr10	6131431	6131935	POLR2A	HepG2
chr10	6131697	6131698	rs11256662	chr10	6131455	6131791	MAX	HepG2
chr10	99258222	99258223	rs3750558	chr10	99257371	99259028	POLR2A	HepG2
chr10	99258222	99258223	rs3750558	chr10	99257844	99258348	REST	HepG2
chr10	99258222	99258223	rs3750558	chr10	99257919	99258310	YY1	HepG2
chr10	99258222	99258223	rs3750558	chr10	99257936	99258310	TAF1	HepG2
chr10	99258222	99258223	rs3750558	chr10	99257965	99258342	TBP	HepG2
chr10	99258222	99258223	rs3750558	chr10	99258000	99258276	CEBPD	HepG2
chr10	99258222	99258223	rs3750558	chr10	99258031	99258678	MAX	HepG2
chr10	99258222	99258223	rs3750558	chr10	99258084	99258414	BHLHE40	HepG2
chr10	99258222	99258223	rs3750558	chr10	99258105	99258635	USF2	HepG2
chr10	99258222	99258223	rs3750558	chr10	99258116	99258361	ATF3	HepG2
chr10	99258222	99258223	rs3750558	chr10	99258125	99258630	USF1	HepG2
chr10	99258222	99258223	rs3750558	chr10	99258127	99258696	SP1	HepG2
chr10	99285369	99285370	rs7895702	chr10	99285313	99285753	TEAD4	HepG2
chr10	99285369	99285370	rs7895702	chr10	99285321	99285711	EP300	HepG2
chr10	99285369	99285370	rs7895702	chr10	99285347	99285727	ARID3A	HepG2
chr11	27361155	27361156	rs17244021	chr11	27360948	27361210	CEBPB	HepG2
chr11	121520748	121520749	rs5795275	chr11	121520485	121520769	FOXA1	HepG2
chr11	129400316	129400317	rs112761668	chr11	129400152	129400428	CEBPD	HepG2
chr11	129400316	129400317	rs112761668	chr11	129400210	129400414	CEBPB	HepG2
chr11	129400605	129400606	rs11221743	chr11	129400488	129400812	EP300	HepG2
chr11	129400605	129400606	rs11221743	chr11	129400509	129400809	RXRA	HepG2
chr11	129400605	129400606	rs11221743	chr11	129400542	129400768	CEBPB	HepG2
chr13	37424982	37424983	rs535884	chr13	37424890	37425357	CTCF	HepG2
chr13	37424982	37424983	rs535884	chr13	37424973	37425243	SMC3	HepG2
chr13	37425149	37425150	rs624770	chr13	37424890	37425357	CTCF	HepG2
chr13	37425149	37425150	rs624770	chr13	37424973	37425243	SMC3	HepG2
chr13	37425149	37425150	rs624770	chr13	37425017	37425273	RAD21	HepG2
chr13	37432357	37432358	rs36028156	chr13	37432311	37432751	CTCF	HepG2
chr13	49549910	49549911	rs114162077	chr13	49549200	49551261	POLR2A	HepG2
chr13	49549910	49549911	rs114162077	chr13	49549699	49549996	ELF1	HepG2
chr13	49549910	49549911	rs114162077	chr13	49549798	49551030	TAF1	HepG2
chr13	49549910	49549911	rs114162077	chr13	49549824	49550360	YY1	HepG2
chr13	49549910	49549911	rs114162077	chr13	49549836	49550112	CEBPD	HepG2
chr13	49549910	49549911	rs114162077	chr13	49549886	49551088	TBP	HepG2
chr13	70298946	70298947	rs9529627	chr13	70298775	70299015	MAFK	HepG2
chr13	111680120	111680121	rs35716369	chr13	111680066	111680342	CEBPB	HepG2
chr14	28514578	28514579	rs2775283	chr14	28514328	28514584	MAFK	HepG2
chr14	55999681	55999682	rs4901582	chr14	55999558	56000007	CTCF	HepG2
chr14	55999718	55999719	rs2181742	chr14	55999558	56000007	CTCF	HepG2
chr14	55999724	55999725	rs2181743	chr14	55999558	56000007	CTCF	HepG2
chr17	15185484	15185485	rs7502492	chr17	15185197	15185485	CEBPB	HepG2
chr17	54864523	54864524	rs117131729	chr17	54864303	54864713	FOSL2	HepG2
chr17	54864523	54864524	rs117131729	chr17	54864324	54864844	EP300	HepG2
chr17	54864523	54864524	rs117131729	chr17	54864359	54864639	JUND	HepG2
chr17	54864523	54864524	rs117131729	chr17	54864397	54864699	CEBPB	HepG2
chr17	55686272	55686273	rs10163523	chr17	55686217	55686449	CTCF	HepG2
chr17	55686272	55686273	rs10163523	chr17	55686219	55686452	RAD21	HepG2
chr17	55686272	55686273	rs10163523	chr17	55686243	55686513	SMC3	HepG2
chr17	55686661	55686662	rs147160443	chr17	55686527	55687346	MYBL2	HepG2
chr17	55686661	55686662	rs147160443	chr17	55686554	55686994	TEAD4	HepG2
chr17	55686661	55686662	rs147160443	chr17	55686574	55686954	ARID3A	HepG2
chr17	55686661	55686662	rs147160443	chr17	55686615	55687159	NFIC	HepG2
chr17	55687420	55687421	rs28562163	chr17	55687323	55687580	CEBPB	HepG2
chr17	55712436	55712437	rs117716553	chr17	55712202	55712470	USF1	HepG2
chr17	59471081	59471082	rs917533	chr17	59470952	59471578	CTCF	HepG2
chr17	59471081	59471082	rs917533	chr17	59471010	59471250	USF1	HepG2
chr17	59471081	59471082	rs917533	chr17	59471045	59471311	RAD21	HepG2
chr17	70968815	70968816	rs141912273	chr17	70968304	70968920	MYBL2	HepG2
chr17	70968815	70968816	rs141912273	chr17	70968428	70968926	FOXA2	HepG2
chr17	70968815	70968816	rs141912273	chr17	70968445	70968924	FOXA1	HepG2
chr17	70968815	70968816	rs141912273	chr17	70968461	70968841	REST	HepG2
chr17	70968815	70968816	rs141912273	chr17	70968487	70968823	SP1	HepG2
chr17	70968815	70968816	rs141912273	chr17	70968521	70968845	EP300	HepG2
chr17	70968815	70968816	rs141912273	chr17	70968658	70968893	HDAC2	HepG2
chr17	70968815	70968816	rs141912273	chr17	70968792	70969068	MAFF	HepG2
chr17	70968815	70968816	rs141912273	chr17	70968815	70969071	MAFK	HepG2
chr17	71000029	71000030	rs147791291	chr17	70999606	71000030	CTCF	HepG2
chr17	71000029	71000030	rs147791291	chr17	70999662	71000042	ARID3A	HepG2
chr17	71000029	71000030	rs147791291	chr17	70999677	71000046	RFX5	HepG2
chr17	71013499	71013500	rs7218007	chr17	71013310	71013644	CTCF	HepG2
chr17	71013499	71013500	rs7218007	chr17	71013364	71013633	RAD21	HepG2
chr17	71013807	71013808	rs7213781	chr17	71013762	71014059	MAFF	HepG2
chr17	71013807	71013808	rs7213781	chr17	71013778	71014058	MAFK	HepG2
chr17	71027392	71027393	rs11270369	chr17	71027141	71027597	JUND	HepG2
chr18	20817044	20817045	rs45560835	chr18	20817040	20817275	RAD21	HepG2
chr18	20817044	20817045	rs45560835	chr18	20817044	20817302	CTCF	HepG2
chr18	20817062	20817063	rs45541339	chr18	20817040	20817275	RAD21	HepG2
chr18	20817062	20817063	rs45541339	chr18	20817044	20817302	CTCF	HepG2
chr18	20883407	20883408	rs79055723	chr18	20883275	20883578	MAFK	HepG2
chr18	20883407	20883408	rs79055723	chr18	20883283	20883559	MAFF	HepG2
chr18	20934674	20934675	rs115894092	chr18	20934663	20934923	FOSL2	HepG2
chr18	20939077	20939078	rs140366331	chr18	20938807	20939211	CTCF	HepG2
chr18	20939077	20939078	rs140366331	chr18	20938817	20939123	RAD21	HepG2
chr18	20939077	20939078	rs140366331	chr18	20938895	20939185	FOXA2	HepG2
chr18	20939077	20939078	rs140366331	chr18	20938907	20939192	FOXA1	HepG2
chr18	21018019	21018020	rs77056984	chr18	21017401	21018082	SIN3AK20	HepG2
chr18	21018019	21018020	rs77056984	chr18	21017411	21018109	TAF1	HepG2
chr18	21018019	21018020	rs77056984	chr18	21017433	21018183	POLR2A	HepG2
chr18	21018019	21018020	rs77056984	chr18	21017519	21018126	MAX	HepG2
chr18	21018019	21018020	rs77056984	chr18	21017713	21018089	YY1	HepG2
chr18	21018019	21018020	rs77056984	chr18	21017744	21018128	USF1	HepG2
chr18	21018019	21018020	rs77056984	chr18	21017786	21018080	USF2	HepG2
chr18	21018019	21018020	rs77056984	chr18	21017786	21018127	SP1	HepG2
chr18	21018019	21018020	rs77056984	chr18	21017802	21018063	ATF3	HepG2
chr18	21023133	21023134	rs79854836	chr18	21022929	21023209	CEBPB	HepG2
chr18	21023133	21023134	rs79854836	chr18	21022951	21023271	MAFK	HepG2
chr18	21023133	21023134	rs79854836	chr18	21023000	21023276	MAFF	HepG2
chr18	21023135	21023136	rs74352040	chr18	21022929	21023209	CEBPB	HepG2
chr18	21023135	21023136	rs74352040	chr18	21022951	21023271	MAFK	HepG2
chr18	21023135	21023136	rs74352040	chr18	21023000	21023276	MAFF	HepG2
chr18	21040621	21040622	rs143016572	chr18	21040458	21040782	EP300	HepG2
chr18	21040621	21040622	rs143016572	chr18	21040474	21040810	SP1	HepG2
chr18	21040621	21040622	rs143016572	chr18	21040476	21040766	HNF4G	HepG2
chr18	21040621	21040622	rs143016572	chr18	21040482	21040742	HNF4A	HepG2
chr18	21040621	21040622	rs143016572	chr18	21040495	21040719	CEBPB	HepG2
chr18	57663582	57663583	rs11876488	chr18	57663567	57663991	CTCF	HepG2
chr18	57663814	57663815	rs11872821	chr18	57663567	57663991	CTCF	HepG2
chr18	57663814	57663815	rs11872821	chr18	57663669	57663945	SMC3	HepG2
chr18	57663814	57663815	rs11872821	chr18	57663670	57663934	RAD21	HepG2
chr18	57663814	57663815	rs11872821	chr18	57663727	57663896	FOXA2	HepG2
chr18	57663814	57663815	rs11872821	chr18	57663747	57663892	FOXA1	HepG2
chr19	29577229	29577230	rs17716275	chr19	29577151	29577447	BHLHE40	HepG2
chr2	14601455	14601456	rs2176179	chr2	14601253	14601529	JUND	HepG2
chr2	28993329	28993330	rs34333207	chr2	28993189	28993429	MAFK	HepG2
chr2	29026967	29026968	rs72854744	chr2	29026688	29026978	FOXA2	HepG2
chr2	29094798	29094799	rs72311625	chr2	29094537	29094827	HNF4G	HepG2
chr2	29094798	29094799	rs72311625	chr2	29094541	29094831	FOXA2	HepG2
chr2	29094798	29094799	rs72311625	chr2	29094559	29094819	HNF4A	HepG2
chr2	29128321	29128322	rs6547889	chr2	29127830	29128510	POLR2A	HepG2
chr2	29131439	29131440	rs9679395	chr2	29131051	29131726	POLR2A	HepG2
chr2	29174716	29174717	rs12475073	chr2	29174705	29175085	ARID3A	HepG2
chr2	29175206	29175207	rs10166581	chr2	29174774	29175314	EP300	HepG2
chr2	29175206	29175207	rs10166581	chr2	29174902	29175242	HDAC2	HepG2
chr2	29175206	29175207	rs10166581	chr2	29174951	29175567	MYBL2	HepG2
chr2	29175206	29175207	rs10166581	chr2	29175080	29175399	FOXA1	HepG2
chr2	40084165	40084166	rs2373702	chr2	40084017	40084257	MAFK	HepG2
chr2	101161724	101161725	rs1114285	chr2	101161719	101161995	MAFF	HepG2
chr2	101161797	101161798	rs1401753	chr2	101161719	101161995	MAFF	HepG2
chr2	101161797	101161798	rs1401753	chr2	101161725	101161981	MAFK	HepG2
chr2	101179797	101179798	rs58420974	chr2	101178857	101180098	POLR2A	HepG2
chr2	101179797	101179798	rs58420974	chr2	101179148	101179859	MAX	HepG2
chr2	101179797	101179798	rs58420974	chr2	101179182	101179845	MXI1	HepG2
chr2	101179797	101179798	rs58420974	chr2	101179183	101179799	MYBL2	HepG2
chr2	101179797	101179798	rs58420974	chr2	101179183	101179831	MAZ	HepG2
chr2	101179797	101179798	rs58420974	chr2	101179256	101180004	SIN3AK20	HepG2
chr2	101179797	101179798	rs58420974	chr2	101179383	101179965	YY1	HepG2
chr2	101179797	101179798	rs58420974	chr2	101179468	101179838	RCOR1	HepG2
chr2	101179797	101179798	rs58420974	chr2	101179541	101179845	NRF1	HepG2
chr2	101179797	101179798	rs58420974	chr2	101179554	101179993	TAF1	HepG2
chr2	101179797	101179798	rs58420974	chr2	101179568	101180052	ZBTB33	HepG2
chr2	101179797	101179798	rs58420974	chr2	101179591	101180000	CHD2	HepG2
chr2	101179797	101179798	rs58420974	chr2	101179597	101180121	TBP	HepG2
chr2	101179797	101179798	rs58420974	chr2	101179610	101180001	ZBTB7A	HepG2
chr2	101179797	101179798	rs58420974	chr2	101179654	101179994	HDAC2	HepG2
chr2	101179797	101179798	rs58420974	chr2	101179658	101179934	CEBPD	HepG2
chr2	101206373	101206374	rs374060594	chr2	101206111	101206387	ELF1	HepG2
chr2	105036998	105036999	rs13382209	chr2	105036973	105037248	CEBPB	HepG2
chr2	105093415	105093416	rs11896064	chr2	105092833	105093449	MYBL2	HepG2
chr2	105093415	105093416	rs11896064	chr2	105092887	105093431	NFIC	HepG2
chr2	113484440	113484441	rs2138606	chr2	113484110	113484635	CHD2	HepG2
chr2	113484440	113484441	rs2138606	chr2	113484123	113484667	MAZ	HepG2
chr2	113484440	113484441	rs2138606	chr2	113484180	113484655	MXI1	HepG2
chr2	113484440	113484441	rs2138606	chr2	113484195	113484625	EP300	HepG2
chr2	113484440	113484441	rs2138606	chr2	113484226	113484682	JUND	HepG2
chr2	113484440	113484441	rs2138606	chr2	113484226	113484623	ELF1	HepG2
chr2	113484440	113484441	rs2138606	chr2	113484228	113484605	TBP	HepG2
chr2	113484440	113484441	rs2138606	chr2	113484234	113484654	TAF1	HepG2
chr2	113484440	113484441	rs2138606	chr2	113484248	113484628	ARID3A	HepG2
chr2	113484440	113484441	rs2138606	chr2	113484265	113484705	TEAD4	HepG2
chr2	113484440	113484441	rs2138606	chr2	113484270	113484603	REST	HepG2
chr2	113484440	113484441	rs2138606	chr2	113484280	113484669	YY1	HepG2
chr2	113484440	113484441	rs2138606	chr2	113484287	113484583	HNF4A	HepG2
chr2	113484440	113484441	rs2138606	chr2	113484294	113484615	BHLHE40	HepG2
chr2	113484440	113484441	rs2138606	chr2	113484297	113484677	CEBPB	HepG2
chr2	113484440	113484441	rs2138606	chr2	113484306	113484646	HDAC2	HepG2
chr2	113484440	113484441	rs2138606	chr2	113484308	113484708	CTCF	HepG2
chr2	113484440	113484441	rs2138606	chr2	113484339	113484593	RAD21	HepG2
chr2	113484440	113484441	rs2138606	chr2	113484340	113484615	SMC3	HepG2
chr2	113484440	113484441	rs2138606	chr2	113484351	113484611	FOSL2	HepG2
chr2	113521753	113521754	rs7594852	chr2	113521580	113522780	POLR2A	HepG2
chr2	113521753	113521754	rs7594852	chr2	113521656	113522501	SIN3AK20	HepG2
chr2	134277479	134277480	rs6430425	chr2	134277216	134277673	CTCF	HepG2
chr2	134277479	134277480	rs6430425	chr2	134277311	134277581	SMC3	HepG2
chr2	134277479	134277480	rs6430425	chr2	134277318	134277574	RAD21	HepG2
chr20	2135904	2135905	rs6113024	chr20	2135860	2136084	CEBPB	HepG2
chr20	2138267	2138268	rs6113028	chr20	2137997	2138333	SP1	HepG2
chr20	2138267	2138268	rs6113028	chr20	2137999	2138323	EP300	HepG2
chr20	2138267	2138268	rs6113028	chr20	2138009	2138323	FOXA1	HepG2
chr20	2138267	2138268	rs6113028	chr20	2138048	2138308	HNF4A	HepG2
chr20	2138267	2138268	rs6113028	chr20	2138048	2138338	HNF4G	HepG2
chr20	2138321	2138322	rs6113029	chr20	2137997	2138333	SP1	HepG2
chr20	2138321	2138322	rs6113029	chr20	2137999	2138323	EP300	HepG2
chr20	2138321	2138322	rs6113029	chr20	2138009	2138323	FOXA1	HepG2
chr20	2138321	2138322	rs6113029	chr20	2138048	2138338	HNF4G	HepG2
chr20	2143208	2143209	rs6137177	chr20	2143128	2143424	BHLHE40	HepG2
chr20	2143261	2143262	rs6137178	chr20	2143128	2143424	BHLHE40	HepG2
chr20	2143378	2143379	rs60871077	chr20	2143128	2143424	BHLHE40	HepG2
chr20	3733486	3733487	rs3088007	chr20	3733161	3734235	POLR2A	HepG2
chr3	11664548	11664549	rs2616554	chr3	11664366	11664622	MAFK	HepG2
chr3	11664548	11664549	rs2616554	chr3	11664478	11664934	SIN3AK20	HepG2
chr3	187985781	187985782	rs1317919	chr3	187985658	187985978	MAFK	HepG2
chr3	187985781	187985782	rs1317919	chr3	187985680	187985956	MAFF	HepG2
chr3	187985781	187985782	rs1317919	chr3	187985752	187986048	BHLHE40	HepG2
chr3	187988288	187988289	rs6789758	chr3	187988092	187988632	EP300	HepG2
chr3	187988288	187988289	rs6789758	chr3	187988106	187988530	REST	HepG2
chr3	187988288	187988289	rs6789758	chr3	187988148	187988588	TEAD4	HepG2
chr3	187988288	187988289	rs6789758	chr3	187988153	187988563	FOSL2	HepG2
chr3	187988288	187988289	rs6789758	chr3	187988166	187988436	SMC3	HepG2
chr3	187988288	187988289	rs6789758	chr3	187988173	187988408	NFIC	HepG2
chr3	187988288	187988289	rs6789758	chr3	187988191	187988571	ARID3A	HepG2
chr3	187988288	187988289	rs6789758	chr3	187988195	187988466	FOXA1	HepG2
chr3	187988288	187988289	rs6789758	chr3	187988225	187988392	FOXA2	HepG2
chr3	187988288	187988289	rs6789758	chr3	187988246	187988337	RXRA	HepG2
chr3	187988288	187988289	rs6789758	chr3	187988250	187988474	SRF	HepG2
chr3	187988288	187988289	rs6789758	chr3	187988258	187988580	RAD21	HepG2
chr4	104404257	104404258	rs72670814	chr4	104404101	104404377	CTCF	HepG2
chr5	157890966	157890967	rs5872551	chr5	157890873	157891417	NFIC	HepG2
chr5	157890966	157890967	rs5872551	chr5	157890958	157891358	PPARGC1A	HepG2
chr5	157890966	157890967	rs5872551	chr5	157890964	157891344	ARID3A	HepG2
chr5	157890966	157890967	rs5872551	chr5	157890965	157891301	SP1	HepG2
chr6	113045110	113045111	rs35650930	chr6	113044895	113045135	MAFK	HepG2
chr6	119937304	119937305	rs9285433	chr6	119937249	119937489	MAFK	HepG2
chr6	138825218	138825219	rs35326002	chr6	138825152	138825716	MBD4	HepG2
chr6	138825218	138825219	rs35326002	chr6	138825178	138825422	CEBPB	HepG2
chr6	138825218	138825219	rs35326002	chr6	138825188	138825464	CEBPD	HepG2
chr6	138825218	138825219	rs35326002	chr6	138825194	138825454	FOSL2	HepG2
chr6	138825218	138825219	rs35326002	chr6	138825195	138825651	SIN3AK20	HepG2
chr6	138825218	138825219	rs35326002	chr6	138825195	138825635	TEAD4	HepG2
chr6	138825218	138825219	rs35326002	chr6	138825213	138825603	EP300	HepG2
chr6	138848338	138848339	rs11154981	chr6	138847877	138848627	NFIC	HepG2
chr6	138848338	138848339	rs11154981	chr6	138847960	138848576	MYBL2	HepG2
chr6	138848338	138848339	rs11154981	chr6	138847985	138848441	SIN3AK20	HepG2
chr6	138848338	138848339	rs11154981	chr6	138848080	138848420	HDAC2	HepG2
chr6	138848338	138848339	rs11154981	chr6	138848094	138848394	RXRA	HepG2
chr6	138848338	138848339	rs11154981	chr6	138848108	138848432	EP300	HepG2
chr6	138848338	138848339	rs11154981	chr6	138848111	138848404	FOXA2	HepG2
chr6	138848338	138848339	rs11154981	chr6	138848113	138848421	FOXA1	HepG2
chr6	167354367	167354368	rs3798303	chr6	167354153	167354413	FOSL2	HepG2
chr7	40443251	40443252	rs9690724	chr7	40443121	40443665	NFIC	HepG2
chr7	40443251	40443252	rs9690724	chr7	40443144	40443760	MYBL2	HepG2
chr7	40443251	40443252	rs9690724	chr7	40443201	40443601	MXI1	HepG2
chr7	40443251	40443252	rs9690724	chr7	40443209	40443469	FOSL2	HepG2
chr7	40443251	40443252	rs9690724	chr7	40443242	40443682	TEAD4	HepG2
chr7	40461331	40461332	rs3890819	chr7	40461070	40461346	JUND	HepG2
chr7	40477359	40477360	rs7803105	chr7	40477105	40477545	TEAD4	HepG2
chr7	40477359	40477360	rs7803105	chr7	40477174	40477458	FOXA1	HepG2
chr7	40477359	40477360	rs7803105	chr7	40477194	40477534	JUN	HepG2
chr8	20852985	20852986	rs117108179	chr8	20852863	20853153	JUN	HepG2
chr8	20852985	20852986	rs117108179	chr8	20852870	20853146	JUND	HepG2
chr9	32550911	32550912	rs112527210	chr9	32550525	32551946	POLR2A	HepG2
chr9	32550911	32550912	rs112527210	chr9	32550616	32551178	YY1	HepG2
chr9	32550911	32550912	rs112527210	chr9	32550631	32551373	SIN3AK20	HepG2
chr9	32550911	32550912	rs112527210	chr9	32550669	32551161	MXI1	HepG2
chr9	32550911	32550912	rs112527210	chr9	32550678	32551321	TAF1	HepG2
chr9	32550911	32550912	rs112527210	chr9	32550741	32551111	RCOR1	HepG2
chr9	32550911	32550912	rs112527210	chr9	32550747	32551330	MAZ	HepG2
chr9	32550911	32550912	rs112527210	chr9	32550772	32551116	NR2C2	HepG2
chr9	32550911	32550912	rs112527210	chr9	32550777	32551077	CHD2	HepG2
chr9	32550911	32550912	rs112527210	chr9	32550793	32551109	BRCA1	HepG2
chr9	32550911	32550912	rs112527210	chr9	32550813	32551089	ELF1	HepG2
chr9	32550911	32550912	rs112527210	chr9	32550838	32551038	ZBTB33	HepG2
chr9	32550911	32550912	rs112527210	chr9	32550856	32551112	JUND	HepG2
chr9	32550911	32550912	rs112527210	chr9	32550879	32551103	CEBPB	HepG2
chr9	32550911	32550912	rs112527210	chr9	32550900	32551212	NRF1	HepG2
chr9	32550911	32550912	rs112527210	chr9	32550910	32551246	MAX	HepG2
chr9	83822858	83822859	rs192868041	chr9	83822674	83822898	CEBPB	HepG2
chr9	84470875	84470876	rs11788387	chr9	84470604	84470934	FOXA1	HepG2
chr9	84470875	84470876	rs11788387	chr9	84470634	84470897	CEBPB	HepG2
chr9	113188571	113188572	rs1410050	chr9	113188347	113188792	CTCF	HepG2
