chr1	63529092	63529093	rs17124480	chr1	63528993	63529462	CTCF	HUVEC
chr10	6131041	6131042	rs140764661	chr10	6130540	6131049	CTCF	HUVEC
chr10	6131041	6131042	rs140764661	chr10	6130646	6131390	POLR2A	HUVEC
chr10	6131311	6131312	rs76943221	chr10	6130646	6131390	POLR2A	HUVEC
chr10	99258222	99258223	rs3750558	chr10	99257368	99258270	MYC	HUVEC
chr10	99258222	99258223	rs3750558	chr10	99257371	99259028	POLR2A	HUVEC
chr10	99258222	99258223	rs3750558	chr10	99258031	99258678	MAX	HUVEC
chr12	118111385	118111386	rs628186	chr12	118111162	118111626	POLR2A	HUVEC
chr12	118112336	118112337	rs35344207	chr12	118111760	118112562	POLR2A	HUVEC
chr12	118112336	118112337	rs35344207	chr12	118112117	118112517	FOS	HUVEC
chr12	118112336	118112337	rs35344207	chr12	118112142	118112438	JUN	HUVEC
chr12	118112385	118112386	rs642846	chr12	118111760	118112562	POLR2A	HUVEC
chr12	118112385	118112386	rs642846	chr12	118112117	118112517	FOS	HUVEC
chr12	118112385	118112386	rs642846	chr12	118112142	118112438	JUN	HUVEC
chr13	37424982	37424983	rs535884	chr13	37424890	37425357	CTCF	HUVEC
chr13	37425149	37425150	rs624770	chr13	37424890	37425357	CTCF	HUVEC
chr13	37432357	37432358	rs36028156	chr13	37432311	37432751	CTCF	HUVEC
chr13	37436266	37436267	rs628495	chr13	37436209	37436609	FOS	HUVEC
chr13	49549910	49549911	rs114162077	chr13	49549200	49551261	POLR2A	HUVEC
chr14	34162086	34162087	rs7144021	chr14	34161967	34162411	GATA2	HUVEC
chr14	34162086	34162087	rs7144021	chr14	34161972	34162372	FOS	HUVEC
chr14	34162359	34162360	rs10131958	chr14	34161967	34162411	GATA2	HUVEC
chr14	34162359	34162360	rs10131958	chr14	34161972	34162372	FOS	HUVEC
chr14	55999681	55999682	rs4901582	chr14	55999558	56000007	CTCF	HUVEC
chr14	55999718	55999719	rs2181742	chr14	55999558	56000007	CTCF	HUVEC
chr14	55999724	55999725	rs2181743	chr14	55999558	56000007	CTCF	HUVEC
chr14	56007845	56007846	rs12894700	chr14	56007824	56008268	GATA2	HUVEC
chr17	54864523	54864524	rs117131729	chr17	54864243	54864687	GATA2	HUVEC
chr17	54864523	54864524	rs117131729	chr17	54864256	54864956	POLR2A	HUVEC
chr17	54864523	54864524	rs117131729	chr17	54864305	54864705	FOS	HUVEC
chr17	54864523	54864524	rs117131729	chr17	54864341	54864681	JUN	HUVEC
chr17	59471081	59471082	rs917533	chr17	59470952	59471578	CTCF	HUVEC
chr17	59473364	59473365	rs60261365	chr17	59472670	59479722	EZH2	HUVEC
chr17	59480330	59480331	rs59172073	chr17	59480158	59483929	EZH2	HUVEC
chr17	70981260	70981261	rs7210436	chr17	70980674	70981497	POLR2A	HUVEC
chr17	71007431	71007432	rs7216928	chr17	71007117	71007676	GATA2	HUVEC
chr18	20839628	20839629	rs45447497	chr18	20839521	20840679	POLR2A	HUVEC
chr18	20839928	20839929	rs181550434	chr18	20839521	20840679	POLR2A	HUVEC
chr18	20883407	20883408	rs79055723	chr18	20883075	20883615	POLR2A	HUVEC
chr18	20883407	20883408	rs79055723	chr18	20883161	20883561	FOS	HUVEC
chr18	20883407	20883408	rs79055723	chr18	20883190	20883486	JUN	HUVEC
chr18	20934674	20934675	rs115894092	chr18	20934618	20935062	GATA2	HUVEC
chr18	20934674	20934675	rs115894092	chr18	20934640	20934988	JUN	HUVEC
chr18	20934674	20934675	rs115894092	chr18	20934642	20935042	FOS	HUVEC
chr18	20939077	20939078	rs140366331	chr18	20938807	20939211	CTCF	HUVEC
chr18	20958492	20958493	rs114413540	chr18	20958351	20958751	FOS	HUVEC
chr18	21018019	21018020	rs77056984	chr18	21017433	21018183	POLR2A	HUVEC
chr18	21018019	21018020	rs77056984	chr18	21017519	21018126	MAX	HUVEC
chr18	57663582	57663583	rs11876488	chr18	57663567	57663991	CTCF	HUVEC
chr18	57663814	57663815	rs11872821	chr18	57663567	57663991	CTCF	HUVEC
chr2	101179797	101179798	rs58420974	chr2	101178857	101180098	POLR2A	HUVEC
chr2	113484440	113484441	rs2138606	chr2	113484169	113484779	POLR2A	HUVEC
chr2	113484440	113484441	rs2138606	chr2	113484308	113484708	CTCF	HUVEC
chr2	113521753	113521754	rs7594852	chr2	113521580	113522780	POLR2A	HUVEC
chr2	134277479	134277480	rs6430425	chr2	134277216	134277673	CTCF	HUVEC
chr2	166765961	166765962	rs35992858	chr2	166765961	166766361	FOS	HUVEC
chr20	3733486	3733487	rs3088007	chr20	3733161	3734235	POLR2A	HUVEC
chr3	187988288	187988289	rs6789758	chr3	187988075	187988475	FOS	HUVEC
chr3	187988288	187988289	rs6789758	chr3	187988075	187988639	POLR2A	HUVEC
chr4	162936486	162936487	rs114095010	chr4	162936276	162936720	GATA2	HUVEC
chr7	40477359	40477360	rs7803105	chr7	40477097	40477561	POLR2A	HUVEC
chr7	40477359	40477360	rs7803105	chr7	40477165	40477565	FOS	HUVEC
chr7	40477359	40477360	rs7803105	chr7	40477194	40477534	JUN	HUVEC
chr9	32550911	32550912	rs112527210	chr9	32550525	32551946	POLR2A	HUVEC
chr9	32550911	32550912	rs112527210	chr9	32550630	32551097	CTCF	HUVEC
chr9	113188571	113188572	rs1410050	chr9	113188347	113188792	CTCF	HUVEC
