chr10	6131041	6131042	rs140764661	chr10	6130540	6131049	CTCF	NB4
chr10	6131041	6131042	rs140764661	chr10	6130617	6131090	MYC	NB4
chr10	6131041	6131042	rs140764661	chr10	6130646	6131390	POLR2A	NB4
chr10	6131041	6131042	rs140764661	chr10	6130676	6131158	MAX	NB4
chr10	6131311	6131312	rs76943221	chr10	6130646	6131390	POLR2A	NB4
chr10	72482096	72482097	rs7914898	chr10	72481843	72482119	MAX	NB4
chr10	99258222	99258223	rs3750558	chr10	99257368	99258270	MYC	NB4
chr10	99258222	99258223	rs3750558	chr10	99257371	99259028	POLR2A	NB4
chr10	99258222	99258223	rs3750558	chr10	99258031	99258678	MAX	NB4
chr13	37424982	37424983	rs535884	chr13	37424890	37425357	CTCF	NB4
chr13	37425149	37425150	rs624770	chr13	37424890	37425357	CTCF	NB4
chr13	37432357	37432358	rs36028156	chr13	37432311	37432751	CTCF	NB4
chr13	49549910	49549911	rs114162077	chr13	49549200	49551261	POLR2A	NB4
chr13	49549910	49549911	rs114162077	chr13	49549606	49550807	MYC	NB4
chr17	54864523	54864524	rs117131729	chr17	54864288	54864845	MYC	NB4
chr17	54864523	54864524	rs117131729	chr17	54864367	54864884	MAX	NB4
chr17	59471081	59471082	rs917533	chr17	59470952	59471578	CTCF	NB4
chr18	20939077	20939078	rs140366331	chr18	20938805	20939121	MYC	NB4
chr18	20939077	20939078	rs140366331	chr18	20938807	20939211	CTCF	NB4
chr18	20939077	20939078	rs140366331	chr18	20938836	20939112	MAX	NB4
chr18	21018019	21018020	rs77056984	chr18	21017433	21018183	POLR2A	NB4
chr18	21018019	21018020	rs77056984	chr18	21017519	21018126	MAX	NB4
chr18	57663582	57663583	rs11876488	chr18	57663567	57663991	CTCF	NB4
chr18	57663814	57663815	rs11872821	chr18	57663567	57663991	CTCF	NB4
chr2	101179797	101179798	rs58420974	chr2	101178857	101180098	POLR2A	NB4
chr2	101179797	101179798	rs58420974	chr2	101179148	101179859	MAX	NB4
chr2	101179797	101179798	rs58420974	chr2	101179152	101179898	MYC	NB4
chr2	101206373	101206374	rs374060594	chr2	101206169	101206445	MAX	NB4
chr2	113484440	113484441	rs2138606	chr2	113484210	113484691	MYC	NB4
chr2	113484440	113484441	rs2138606	chr2	113484235	113484671	MAX	NB4
chr2	113484440	113484441	rs2138606	chr2	113484308	113484708	CTCF	NB4
chr2	113521753	113521754	rs7594852	chr2	113521580	113522780	POLR2A	NB4
chr2	113545677	113545678	rs3783516	chr2	113545376	113545692	MYC	NB4
chr2	113553425	113553426	rs6746923	chr2	113553385	113553661	MAX	NB4
chr2	134277479	134277480	rs6430425	chr2	134277216	134277673	CTCF	NB4
chr9	11064848	11064849	rs143057876	chr9	11064688	11065378	POLR2A	NB4
chr9	11064848	11064849	rs143057876	chr9	11064835	11065269	MYC	NB4
chr9	32550911	32550912	rs112527210	chr9	32550525	32551946	POLR2A	NB4
chr9	32550911	32550912	rs112527210	chr9	32550630	32551097	CTCF	NB4
chr9	32550911	32550912	rs112527210	chr9	32550841	32551157	MYC	NB4
chr9	113188571	113188572	rs1410050	chr9	113188347	113188792	CTCF	NB4
