chr1	36591611	36591612	rs12123086	chr1	36590642	36591682	EZH2	NH-A
chr10	6131041	6131042	rs140764661	chr10	6130540	6131049	CTCF	NH-A
chr13	37432357	37432358	rs36028156	chr13	37432311	37432751	CTCF	NH-A
chr13	49549910	49549911	rs114162077	chr13	49549146	49549942	CTCF	NH-A
chr17	59471081	59471082	rs917533	chr17	59470952	59471578	CTCF	NH-A
chr17	59473364	59473365	rs60261365	chr17	59472670	59479722	EZH2	NH-A
chr17	59480330	59480331	rs59172073	chr17	59480158	59483929	EZH2	NH-A
chr18	20939077	20939078	rs140366331	chr18	20938807	20939211	CTCF	NH-A
chr18	57663582	57663583	rs11876488	chr18	57663567	57663991	CTCF	NH-A
chr18	57663814	57663815	rs11872821	chr18	57663567	57663991	CTCF	NH-A
chr2	113484440	113484441	rs2138606	chr2	113484308	113484708	CTCF	NH-A
chr9	113188571	113188572	rs1410050	chr9	113188347	113188792	CTCF	NH-A
