chr10	6131041	6131042	rs140764661	chr10	6130540	6131049	CTCF	SAEC
chr13	37424982	37424983	rs535884	chr13	37424890	37425357	CTCF	SAEC
chr13	37425149	37425150	rs624770	chr13	37424890	37425357	CTCF	SAEC
chr13	37432357	37432358	rs36028156	chr13	37432311	37432751	CTCF	SAEC
chr17	59471081	59471082	rs917533	chr17	59470952	59471578	CTCF	SAEC
chr18	57663582	57663583	rs11876488	chr18	57663567	57663991	CTCF	SAEC
chr18	57663814	57663815	rs11872821	chr18	57663567	57663991	CTCF	SAEC
chr2	113484440	113484441	rs2138606	chr2	113484308	113484708	CTCF	SAEC
chr2	134277479	134277480	rs6430425	chr2	134277216	134277673	CTCF	SAEC
chr2	134290523	134290524	rs1368092	chr2	134290388	134290880	CTCF	SAEC
chr9	113188571	113188572	rs1410050	chr9	113188347	113188792	CTCF	SAEC
