chr10	6131041	6131042	rs140764661	chr10	6130646	6131390	POLR2A	SK-N-SH
chr10	6131311	6131312	rs76943221	chr10	6130646	6131390	POLR2A	SK-N-SH
chr10	99258222	99258223	rs3750558	chr10	99257371	99259028	POLR2A	SK-N-SH
chr10	99258222	99258223	rs3750558	chr10	99257936	99258310	TAF1	SK-N-SH
chr13	49549910	49549911	rs114162077	chr13	49549200	49551261	POLR2A	SK-N-SH
chr13	49549910	49549911	rs114162077	chr13	49549798	49551030	TAF1	SK-N-SH
chr14	34162086	34162087	rs7144021	chr14	34162029	34162275	POLR2A	SK-N-SH
chr17	54864523	54864524	rs117131729	chr17	54864256	54864956	POLR2A	SK-N-SH
chr17	54864523	54864524	rs117131729	chr17	54864349	54864705	SIN3AK20	SK-N-SH
chr17	54864523	54864524	rs117131729	chr17	54864355	54864611	REST	SK-N-SH
chr17	70981260	70981261	rs7210436	chr17	70980674	70981497	POLR2A	SK-N-SH
chr18	21018019	21018020	rs77056984	chr18	21017401	21018082	SIN3AK20	SK-N-SH
chr2	101179797	101179798	rs58420974	chr2	101178857	101180098	POLR2A	SK-N-SH
chr2	101179797	101179798	rs58420974	chr2	101179256	101180004	SIN3AK20	SK-N-SH
chr2	101179797	101179798	rs58420974	chr2	101179554	101179993	TAF1	SK-N-SH
chr2	113521753	113521754	rs7594852	chr2	113521656	113522501	SIN3AK20	SK-N-SH
chr3	187988288	187988289	rs6789758	chr3	187988075	187988639	POLR2A	SK-N-SH
chr3	187988288	187988289	rs6789758	chr3	187988106	187988530	REST	SK-N-SH
chr3	187988288	187988289	rs6789758	chr3	187988184	187988494	TAF1	SK-N-SH
chr3	187988288	187988289	rs6789758	chr3	187988186	187988542	SIN3AK20	SK-N-SH
chr7	40477359	40477360	rs7803105	chr7	40477080	40477436	SIN3AK20	SK-N-SH
chr7	40477359	40477360	rs7803105	chr7	40477097	40477561	POLR2A	SK-N-SH
chr7	40477359	40477360	rs7803105	chr7	40477157	40477413	REST	SK-N-SH
chr9	32550911	32550912	rs112527210	chr9	32550525	32551946	POLR2A	SK-N-SH
chr9	32550911	32550912	rs112527210	chr9	32550631	32551373	SIN3AK20	SK-N-SH
chr9	32550911	32550912	rs112527210	chr9	32550678	32551321	TAF1	SK-N-SH
chr9	32550911	32550912	rs112527210	chr9	32550803	32551073	REST	SK-N-SH
