chr10	6131041	6131042	rs140764661	chr10	6130646	6131390	POLR2A	SK-N-MC
chr10	6131311	6131312	rs76943221	chr10	6130646	6131390	POLR2A	SK-N-MC
chr10	99258222	99258223	rs3750558	chr10	99257371	99259028	POLR2A	SK-N-MC
chr13	49549910	49549911	rs114162077	chr13	49549200	49551261	POLR2A	SK-N-MC
chr18	21018019	21018020	rs77056984	chr18	21017433	21018183	POLR2A	SK-N-MC
chr2	101179797	101179798	rs58420974	chr2	101178857	101180098	POLR2A	SK-N-MC
chr2	113484440	113484441	rs2138606	chr2	113484305	113484633	FOXP2	SK-N-MC
chr2	134256133	134256134	rs7595258	chr2	134255987	134256323	POLR2A	SK-N-MC
chr6	113011701	113011702	rs5879161	chr6	113011693	113011989	FOXP2	SK-N-MC
chr6	113011934	113011935	rs5879163	chr6	113011693	113011989	FOXP2	SK-N-MC
chr9	32550911	32550912	rs112527210	chr9	32550859	32551188	FOXP2	SK-N-MC
chr9	113137924	113137925	rs2274484	chr9	113137873	113138209	POLR2A	SK-N-MC
