chr1	63529092	63529093	rs17124480	chr1	63528993	63529462	CTCF	WERI-Rb-1
chr10	6131041	6131042	rs140764661	chr10	6130540	6131049	CTCF	WERI-Rb-1
chr13	37424982	37424983	rs535884	chr13	37424890	37425357	CTCF	WERI-Rb-1
chr13	37425149	37425150	rs624770	chr13	37424890	37425357	CTCF	WERI-Rb-1
chr13	37432357	37432358	rs36028156	chr13	37432311	37432751	CTCF	WERI-Rb-1
chr14	55999681	55999682	rs4901582	chr14	55999558	56000007	CTCF	WERI-Rb-1
chr14	55999718	55999719	rs2181742	chr14	55999558	56000007	CTCF	WERI-Rb-1
chr14	55999724	55999725	rs2181743	chr14	55999558	56000007	CTCF	WERI-Rb-1
chr17	59471081	59471082	rs917533	chr17	59470952	59471578	CTCF	WERI-Rb-1
chr17	71000029	71000030	rs147791291	chr17	70999606	71000030	CTCF	WERI-Rb-1
chr17	71013499	71013500	rs7218007	chr17	71013310	71013644	CTCF	WERI-Rb-1
chr18	20939077	20939078	rs140366331	chr18	20938807	20939211	CTCF	WERI-Rb-1
chr18	57663582	57663583	rs11876488	chr18	57663567	57663991	CTCF	WERI-Rb-1
chr18	57663814	57663815	rs11872821	chr18	57663567	57663991	CTCF	WERI-Rb-1
chr2	113484440	113484441	rs2138606	chr2	113484308	113484708	CTCF	WERI-Rb-1
chr2	134277479	134277480	rs6430425	chr2	134277216	134277673	CTCF	WERI-Rb-1
