SNPS	MAPPED_GENE	Min_P	P_num	Spontaneous.preterm.birth.with.premature.rupture.of.membranes_31194736
1	rs113018921	MSI2	8e-06	1	8e-06
2	rs117023642	AC021613.1, LINC02153	4e-07	1	4e-07
3	rs11788387	AL591368.1 - RNA5SP287	6e-07	1	6e-07
4	rs118112762	FNDC3A	7e-06	1	7e-06
5	rs12765664	ADAMTS14	5e-06	1	5e-06
6	rs17766756	RNF217-AS1, NKAIN2	3e-06	1	3e-06
7	rs201608472	SUCLG2	2e-06	1	2e-06
8	rs202013048	FSTL5 - MTHFD2P4	4e-06	1	4e-06
9	rs2616554	VGLL4	4e-06	1	4e-06
10	rs2807820	AL390334.1 - BNIP3P1	7e-06	1	7e-06
11	rs34288836	AC009495.1, AC009495.3	4e-06	1	4e-06
12	rs4704916	AC008677.3 - AC025437.5	8e-06	1	8e-06
13	rs4919105	UBTD1	2e-06	1	2e-06
14	rs61887835	LGR4	7e-06	1	7e-06
15	rs642846	KSR2	2e-06	1	2e-06
16	rs6590390	RPS27P20 - AP003500.1	5e-06	1	5e-06
17	rs7231406	FHOD3	6e-06	1	6e-06
18	rs7537459	AL162400.1 - AL162400.2	5e-06	1	5e-06
