SNPS	GENES	REGION	PMID	FIRST.AUTHOR	DATE	Min_P
rs113018921	MSI2	17q22	31194736	Tiensuu H	2019-06-13	8e-06
rs117023642	AC021613.1	8p21.3	31194736	Tiensuu H	2019-06-13	4e-07
rs117023642	LINC02153	8p21.3	31194736	Tiensuu H	2019-06-13	4e-07
rs11788387	AL591368.1	9q21.32	31194736	Tiensuu H	2019-06-13	6e-07
rs11788387	RNA5SP287	9q21.32	31194736	Tiensuu H	2019-06-13	6e-07
rs118112762	FNDC3A	13q14.2	31194736	Tiensuu H	2019-06-13	7e-06
rs12765664	ADAMTS14	10q22.1	31194736	Tiensuu H	2019-06-13	5e-06
rs17766756	RNF217-AS1	6q22.31	31194736	Tiensuu H	2019-06-13	3e-06
rs17766756	NKAIN2	6q22.31	31194736	Tiensuu H	2019-06-13	3e-06
rs201608472	SUCLG2	3p14.1	31194736	Tiensuu H	2019-06-13	2e-06
rs202013048	FSTL5	4q32.2	31194736	Tiensuu H	2019-06-13	4e-06
rs202013048	MTHFD2P4	4q32.2	31194736	Tiensuu H	2019-06-13	4e-06
rs2616554	VGLL4	3p25.2	31194736	Tiensuu H	2019-06-13	4e-06
rs2807820	AL390334.1	14q12	31194736	Tiensuu H	2019-06-13	7e-06
rs2807820	BNIP3P1	14q12	31194736	Tiensuu H	2019-06-13	7e-06
rs34288836	AC009495.1	2q24.3	31194736	Tiensuu H	2019-06-13	4e-06
rs34288836	AC009495.3	2q24.3	31194736	Tiensuu H	2019-06-13	4e-06
rs4704916	AC008677.3	5q33.3	31194736	Tiensuu H	2019-06-13	8e-06
rs4704916	AC025437.5	5q33.3	31194736	Tiensuu H	2019-06-13	8e-06
rs4919105	UBTD1	10q24.2	31194736	Tiensuu H	2019-06-13	2e-06
rs61887835	LGR4	11p14.1	31194736	Tiensuu H	2019-06-13	7e-06
rs642846	KSR2	12q24.22	31194736	Tiensuu H	2019-06-13	2e-06
rs6590390	RPS27P20	11q24.3	31194736	Tiensuu H	2019-06-13	5e-06
rs6590390	AP003500.1	11q24.3	31194736	Tiensuu H	2019-06-13	5e-06
rs7231406	FHOD3	18q12.2	31194736	Tiensuu H	2019-06-13	6e-06
rs7537459	AL162400.1	1p31.3	31194736	Tiensuu H	2019-06-13	5e-06
rs7537459	AL162400.2	1p31.3	31194736	Tiensuu H	2019-06-13	5e-06
