Gene	Rsid
AGO3	distal=rs12123086
ALG5	distal=rs618407
ANKRD16	distal=rs59887145
AVPI1	distal=rs7895702
BCL6	distal=rs61056790,rs2306375,rs73059687,rs16863131,rs73059690
C17orf80	distal=rs8072232
C9orf152	distal=rs143698265,rs10980399,rs10980401
CAB39L	distal=rs117141769,rs117794744
CABLES1	distal=rs45447497,rs115466816,rs116574564,rs115168653,rs138014240,rs114413540,rs74936361,rs79572361,rs76860078,rs80188799,rs77056984,rs115715111
CACNG7	distal=rs61953951
CDC37L1	distal=rs564618
CHCHD5	distal=rs55837393
CHST10	distal=rs58420974
CLEC3B	distal=rs34716440
CNGA4	distal=rs10769677
COL8A2	direct=rs12123086
EVA1B	distal=rs12123086
FAM104A	distal=rs8072232
FAM184A	distal=rs60669832,rs9372544,rs9385080
FANK1	distal=rs35758933,rs12775081,rs12780232
FBXO18	distal=rs59887145,rs146850358
IL15RA	distal=rs11256662,rs76943221,rs140764661
IL2RA	distal=rs11256662,rs76943221,rs140764661
INHBA	distal=rs17171685
KIAA1217	distal=rs56402335,rs12262588
MAP7D1	distal=rs12123086
NFKB1	distal=rs6848961
NPAS2	distal=rs58420974,rs58386401
NSFL1C	distal=rs4814982
PDCL3	direct=rs58420974
PERP	distal=rs9399242
PFKFB3	distal=rs11256662,rs76943221,rs140764661,rs3752987
PMP22	distal=rs4791619,rs981250,rs10694160,rs4054464,rs5819520,rs1380179
RAB20	distal=rs1571867,rs9559930,rs9559931,rs9559932,rs1977554,rs9559929,rs35716369,rs9555756,rs12427976
RBBP8	distal=rs140332194
RBM17	direct=rs59887145,rs11256662,rs76943221,rs140764661
RPL31	distal=rs58420974
SDCBP2	distal=rs6113005,rs6113006,rs6106287,rs6113010
SETDB2	distal=rs117141769,rs117794744
SIPA1L1	distal=rs56828381,rs1131497,rs3087925,rs1131499
SLC20A1	distal=rs13019249
SLC5A9	distal=rs1338319
SPG20	distal=rs12867016
SVEP1	distal=rs1854164,rs1327530
TEKT3	distal=rs4791619,rs75229777,rs35386588,rs16951285,rs12449862,rs8070951
TMEM241	direct=rs77056984,rs115715111, distal=rs77026268
TRAPPC3	distal=rs12123086
TUBGCP3	distal=rs9555756,rs12427976
TXN	distal=rs11422071,rs2986668,rs61412192
WDR43	distal=rs10187155
ZC3H6	distal=rs71826397,rs6721044,rs7577241
ZNF366	distal=rs3777723,rs3798303
